Date,AA,CAT,DIS,GM,HPQ,JNJ,MCD,MMM,MO,MRK,MSFT,PFE,PG,T,XOM
2024-11-08,44.21,387.52,98.16,55.0,35.38,150.6,292.15,131.72,50.38,99.24,419.39,24.92,163.39,21.38,116.88
2024-11-11,42.96,390.64,99.99,57.05,36.2,150.19,294.65,130.4,50.27,97.13,414.9,24.47,161.76,21.35,116.27
2024-11-12,40.43,387.16,100.12,56.81,35.66,147.86,291.84,127.8,50.74,95.06,419.88,24.42,161.57,21.2,116.15
2024-11-13,40.08,381.31,101.83,57.1,35.37,148.44,290.57,128.88,51.5,94.98,422.03,24.92,162.29,21.34,117.23
2024-11-14,40.69,381.6,108.18,57.01,35.07,147.11,291.75,129.74,51.63,94.85,423.71,24.26,162.78,21.3,117.31
2024-11-15,43.46,378.36,114.09,56.44,35.29,149.18,285.96,127.93,52.13,92.87,411.91,23.13,165.18,21.71,116.09
2024-11-18,43.42,378.74,112.56,55.66,35.97,149.92,284.46,128.31,52.51,93.11,412.66,23.18,166.35,22.0,117.07
2024-11-19,45.02,376.64,111.45,54.53,35.43,148.21,284.1,126.36,52.07,93.09,414.68,23.41,166.36,21.76,115.43
2024-11-20,45.16,375.82,113.27,54.29,35.25,148.32,284.28,126.01,52.18,93.96,412.39,23.26,166.49,21.85,117.08
2024-11-21,45.86,383.79,113.73,55.1,36.43,150.63,281.89,125.5,52.22,96.29,410.61,23.43,168.3,21.99,118.64
2024-11-22,44.9,391.58,114.65,57.92,36.64,150.31,283.66,126.58,52.88,95.64,414.72,23.92,171.74,22.19,118.51
2024-11-25,46.62,399.62,115.0,59.57,37.77,150.9,289.43,128.45,52.9,97.55,416.5,24.4,172.82,22.11,116.74
2024-11-26,46.82,401.76,114.45,54.21,37.57,150.88,289.57,131.05,53.68,97.99,425.65,24.03,174.69,22.1,114.79
2024-11-27,45.3,397.69,116.58,54.92,33.31,151.74,288.35,130.58,53.73,99.44,420.68,24.09,174.74,22.27,114.49
2024-11-29,45.84,400.07,116.46,55.01,34.05,151.36,289.26,131.62,53.82,98.01,421.15,24.44,174.65,22.17,114.78
2024-12-02,45.12,396.52,116.15,54.46,35.03,151.16,287.49,130.99,53.3,97.02,428.62,24.08,175.07,21.73,114.67
2024-12-03,45.32,393.32,115.44,53.1,35.35,148.77,289.51,129.27,53.03,98.21,428.84,23.84,170.9,22.72,114.5
2024-12-04,45.29,393.57,115.98,52.8,34.94,146.93,290.09,128.58,52.62,97.75,435.03,23.53,170.6,22.52,111.2
2024-12-05,45.59,389.1,115.49,52.83,34.76,146.0,294.4,131.42,53.04,99.85,440.2,23.97,171.5,22.81,111.68
2024-12-06,41.95,389.15,115.72,52.97,34.79,145.8,293.92,131.2,53.43,99.41,441.15,23.99,169.35,22.86,110.51
2024-12-09,41.46,393.32,113.62,52.27,35.03,146.08,296.27,129.61,52.07,100.08,443.58,24.34,166.39,22.37,109.86
2024-12-10,40.57,382.61,113.74,52.3,33.58,145.72,295.62,127.91,51.72,97.39,440.91,23.84,167.85,22.5,109.63
2024-12-11,39.04,383.08,113.62,51.61,33.48,143.19,291.09,127.91,50.98,96.19,446.54,23.53,166.24,22.47,108.9
2024-12-12,39.12,375.12,113.91,51.87,33.89,142.8,291.61,127.89,51.25,97.63,447.1,23.66,166.45,22.36,108.8
2024-12-13,38.63,374.85,112.36,52.1,33.48,143.17,291.58,128.06,51.19,98.36,444.83,23.85,166.66,22.62,107.85
2024-12-16,37.97,373.28,111.63,51.81,33.13,140.46,292.67,127.62,50.98,97.26,449.12,23.55,166.73,21.86,105.55
2024-12-17,37.95,370.21,112.54,50.73,32.79,142.96,291.07,126.22,50.45,97.26,451.98,24.65,165.95,21.85,105.1
2024-12-18,36.84,358.48,110.88,49.58,31.48,141.34,285.96,123.73,49.63,95.59,435.0,24.14,164.73,21.52,103.55
2024-12-19,36.16,355.01,110.9,49.92,31.45,140.2,285.32,125.31,49.39,96.73,434.64,24.03,164.84,21.6,102.66
2024-12-20,37.36,360.59,111.55,51.38,31.92,141.07,287.73,127.43,50.18,95.31,434.21,24.58,163.73,21.77,103.02
2024-12-23,38.09,359.95,110.93,52.13,32.2,141.85,286.36,127.13,49.94,96.59,432.87,24.91,163.78,21.86,103.43
2024-12-24,38.12,362.1,112.08,53.07,32.4,142.42,289.01,128.49,49.84,96.67,436.93,24.94,164.59,21.97,103.53
2024-12-26,37.87,361.66,112.07,53.73,32.39,142.15,289.81,129.3,49.98,97.07,435.72,24.77,165.78,21.98,103.62
2024-12-27,37.2,359.43,111.08,53.83,32.25,141.64,288.65,128.32,49.77,96.91,428.18,24.82,165.17,21.88,103.61
2024-12-30,36.68,357.61,110.33,53.22,31.62,139.97,284.7,127.28,49.49,95.62,422.51,24.64,162.79,21.64,102.91
2024-12-31,37.3,357.36,110.88,52.83,31.62,141.22,284.98,127.24,49.69,96.7,419.2,24.74,163.33,21.79,104.67
2025-01-02,37.51,354.42,110.35,50.94,31.46,140.63,287.56,127.84,49.89,96.39,416.29,24.81,161.71,21.85,104.42
2025-01-03,35.26,358.38,110.69,51.34,32.11,140.8,289.79,128.01,50.49,96.36,421.04,24.8,160.88,21.7,104.95
2025-01-06,36.03,358.78,110.58,53.09,32.82,140.28,287.23,128.43,49.5,96.93,425.51,25.08,156.47,21.63,104.83
2025-01-07,35.78,357.6,110.92,51.55,32.63,142.79,284.44,130.87,48.9,98.19,420.06,25.3,157.15,21.25,105.82
2025-01-08,35.55,355.7,109.29,50.58,32.41,138.92,282.04,132.6,48.93,97.05,422.24,25.05,157.93,21.23,104.05
2025-01-10,35.46,345.78,108.19,49.44,32.17,138.72,277.53,129.33,48.34,96.47,416.66,24.92,154.48,21.02,103.67
2025-01-13,36.01,357.11,107.62,49.52,31.61,141.07,278.83,132.67,48.32,98.15,414.91,24.99,154.75,20.9,106.34
2025-01-14,36.41,366.04,107.66,50.52,31.66,141.34,276.81,135.25,48.8,96.86,413.4,24.63,155.63,21.13,106.76
2025-01-15,37.71,369.31,107.72,51.27,31.77,141.56,277.52,135.81,48.5,97.29,423.98,24.45,155.54,21.24,108.5
2025-01-16,38.42,374.89,106.01,51.41,31.35,144.29,275.0,137.19,48.61,97.88,422.26,24.7,156.37,21.34,108.32
2025-01-17,39.03,380.28,106.57,50.55,31.5,143.57,276.19,139.01,49.28,95.18,426.69,24.53,156.98,21.61,109.29
2025-01-21,38.12,393.87,108.24,53.44,31.93,144.66,277.83,144.79,48.91,93.55,426.16,24.84,157.56,21.8,108.46
2025-01-22,38.29,393.13,108.35,52.32,32.1,141.85,276.59,146.99,48.28,93.0,443.76,24.26,160.5,21.63,106.58
2025-01-23,36.88,401.82,110.57,53.77,32.34,143.19,279.61,147.49,48.66,93.92,444.27,24.66,161.87,21.84,107.18
2025-01-24,36.96,403.04,111.68,53.46,31.71,143.36,280.63,147.29,49.46,92.88,441.63,24.73,160.87,22.02,105.73
2025-01-27,34.53,390.53,112.86,54.47,32.3,149.29,288.13,149.35,50.79,95.2,432.19,25.46,166.3,23.4,107.2
2025-01-28,33.72,385.89,111.66,49.63,31.72,146.84,286.22,149.23,49.98,94.72,444.76,25.36,162.9,23.65,105.13
2025-01-29,34.69,388.8,112.71,49.37,31.6,147.59,285.2,149.37,50.04,95.53,439.91,25.23,162.94,23.49,105.74
2025-01-30,35.08,370.76,112.95,49.09,31.78,149.27,285.41,152.19,48.97,96.18,412.72,25.51,164.1,23.28,106.62
2025-01-31,34.87,367.26,112.58,49.05,31.49,148.57,283.81,150.02,49.63,96.05,412.79,25.14,162.7,23.0,103.95
2025-02-03,33.68,357.48,113.52,47.5,31.01,148.29,285.14,147.89,50.22,97.0,408.67,24.84,165.42,23.5,104.2
2025-02-04,35.78,357.87,112.82,48.17,31.02,149.88,284.86,149.51,50.0,88.2,410.12,24.52,164.8,23.5,106.99
2025-02-05,35.57,354.81,110.07,47.41,31.56,151.05,283.94,150.27,49.96,87.16,411.03,25.06,165.66,23.72,106.92
2025-02-06,35.48,361.33,111.61,47.53,31.59,149.9,289.38,150.14,50.02,85.59,413.55,24.49,165.54,23.7,105.51
2025-02-07,35.66,359.78,110.39,47.0,31.27,149.52,289.32,147.72,50.04,84.84,407.51,24.4,164.64,23.79,105.95
2025-02-10,36.45,359.13,108.82,46.18,31.8,150.61,303.2,147.55,51.16,83.98,409.97,24.52,164.21,24.1,107.98
2025-02-11,36.7,358.15,108.56,46.31,32.12,152.45,304.96,147.92,51.17,84.12,409.19,24.2,166.08,24.38,108.66
2025-02-12,35.87,348.07,108.77,47.3,32.01,151.61,302.39,146.74,50.68,83.27,406.8,24.14,166.22,24.58,105.39
2025-02-13,35.92,349.72,109.12,47.49,32.27,153.55,304.77,146.59,50.95,82.06,408.3,24.31,167.63,24.84,106.16
2025-02-14,35.78,349.34,109.91,47.97,32.6,152.47,303.33,147.22,50.64,80.69,406.2,24.2,159.66,25.08,106.26
2025-02-18,36.54,350.01,109.09,47.73,33.14,152.55,299.67,147.58,50.12,80.96,407.4,24.23,162.15,25.27,108.13
2025-02-19,35.72,349.02,110.88,47.4,33.6,155.41,296.83,148.78,50.68,83.2,412.5,24.54,163.19,25.43,108.29
2025-02-20,36.78,345.22,110.08,47.49,33.64,157.17,297.92,147.67,51.62,85.23,414.69,24.55,163.9,25.35,109.95
2025-02-21,33.97,336.21,108.2,45.91,33.56,159.75,299.65,143.61,52.31,86.99,406.79,24.93,166.86,25.8,108.67
2025-02-24,34.58,335.1,110.73,46.18,33.59,161.17,302.36,144.11,52.5,88.71,402.6,25.26,167.16,25.92,109.24
2025-02-25,33.94,338.5,110.06,46.32,33.04,163.48,305.46,145.16,53.21,88.87,396.52,25.35,169.23,25.83,107.73
2025-02-26,33.24,338.72,111.36,48.06,32.78,160.52,299.12,146.04,52.12,86.88,398.34,25.04,167.91,25.75,107.46
2025-02-27,33.01,336.17,110.84,47.24,32.1,161.16,304.7,149.1,52.34,88.04,391.17,24.74,168.57,26.07,108.14
2025-02-28,32.83,340.08,113.32,48.72,29.91,162.43,303.11,153.65,53.07,89.67,395.61,25.05,170.4,26.57,109.3
2025-03-03,30.93,328.3,112.31,46.99,29.11,164.65,300.87,151.97,54.46,90.54,387.14,24.88,172.11,26.87,105.79
2025-03-04,30.86,323.07,108.55,44.85,28.38,162.82,302.33,144.48,53.5,89.97,387.26,24.41,169.75,25.41,105.58
2025-03-05,32.07,334.68,108.85,48.08,28.6,162.52,303.99,146.21,53.16,90.58,399.63,24.59,171.15,25.38,103.51
2025-03-06,32.52,337.17,104.98,46.81,29.04,163.22,306.88,145.55,54.17,91.37,395.51,24.87,171.2,25.91,105.65
2025-03-07,32.53,346.35,105.06,47.17,29.59,164.07,317.67,144.92,54.91,92.0,391.94,25.34,172.47,26.29,107.03
2025-03-10,30.69,341.32,102.64,47.8,29.05,165.06,313.68,146.22,56.05,92.56,378.84,25.25,172.77,26.44,109.76
2025-03-11,31.66,335.94,97.48,48.0,27.73,163.25,303.31,146.15,55.25,92.08,379.13,24.64,169.69,25.21,107.17
2025-03-12,32.94,334.32,98.34,47.62,27.87,160.29,296.03,148.82,54.93,90.74,381.94,24.37,165.04,24.93,107.14
2025-03-13,32.0,329.56,96.46,46.84,27.32,160.43,294.15,144.72,55.63,92.06,377.46,24.27,165.25,25.29,106.69
2025-03-14,33.21,335.81,98.22,48.06,27.81,160.25,296.46,148.99,55.98,91.92,387.21,24.38,164.64,25.76,109.86
2025-03-17,34.46,338.78,98.94,48.72,28.3,160.28,300.55,151.76,55.97,92.93,387.35,24.69,166.4,26.01,111.68
2025-03-18,33.65,332.92,98.93,48.39,28.09,161.67,300.18,149.49,55.43,92.86,382.19,24.94,164.39,25.79,111.56
2025-03-19,34.98,334.81,99.86,49.5,28.15,160.43,303.47,151.76,55.06,92.18,386.47,24.85,165.23,26.02,113.3
2025-03-20,34.51,332.46,98.44,49.16,27.91,160.46,303.55,149.84,55.2,92.87,385.5,24.83,164.23,25.97,113.78
2025-03-21,33.63,332.0,99.04,49.51,28.07,161.06,302.0,148.94,54.73,91.29,389.9,24.91,163.39,26.19,113.39
2025-03-24,33.15,337.82,99.75,51.16,28.39,160.72,302.23,151.7,54.78,90.5,391.72,24.78,162.37,26.13,113.69
2025-03-25,33.39,338.76,101.18,52.29,28.2,158.49,303.47,152.05,54.86,86.15,393.79,24.22,159.63,26.47,114.46
2025-03-26,33.02,337.27,100.35,50.66,28.1,159.18,310.05,151.24,55.86,86.38,388.62,23.9,163.28,26.8,116.11
2025-03-27,31.68,335.48,100.02,46.93,28.04,160.56,309.17,147.04,56.39,85.88,389.22,23.71,165.37,27.33,115.74
2025-03-28,30.37,325.98,97.65,46.41,27.31,161.14,303.63,143.47,56.25,87.48,377.49,23.9,164.7,27.31,115.58
2025-03-31,30.21,326.08,98.28,46.76,27.1,163.23,308.85,145.47,58.06,88.0,374.09,24.02,167.05,27.41,116.76
2025-04-01,29.85,326.85,97.27,46.99,27.2,150.84,310.1,146.27,56.87,85.41,380.86,23.26,167.18,27.6,116.87
2025-04-02,30.55,330.89,97.46,47.7,27.29,152.92,308.07,146.36,55.25,84.9,380.81,23.41,166.14,27.28,116.5
2025-04-03,27.07,302.32,88.46,45.64,23.28,157.31,314.69,138.42,56.0,84.7,371.82,23.03,168.98,27.72,110.38
2025-04-04,24.58,284.83,83.18,43.93,22.13,150.83,296.73,125.71,54.24,79.87,358.59,21.77,160.51,25.82,102.43
2025-04-07,24.36,276.91,82.95,43.28,22.89,148.25,296.52,127.34,53.84,79.59,356.62,21.45,157.06,26.01,101.06
2025-04-08,22.36,270.85,81.37,42.24,21.42,147.64,296.46,125.96,53.74,77.4,353.33,20.7,155.25,25.58,98.93
2025-04-09,25.62,297.62,91.05,45.48,23.77,148.6,300.54,137.01,54.52,80.3,389.13,21.32,159.11,25.66,103.87
2025-04-10,23.53,285.9,84.87,43.48,22.39,146.35,303.33,131.71,54.54,76.03,380.03,20.47,160.32,25.85,98.11
2025-04-11,24.52,290.14,84.53,43.38,22.94,149.34,306.41,134.67,54.8,77.63,387.1,20.77,163.61,26.24,101.26
2025-04-14,24.77,294.76,84.3,44.88,23.53,151.93,312.51,134.72,55.26,77.62,386.46,20.97,165.78,26.64,101.5
2025-04-15,24.45,290.12,84.65,44.28,23.24,151.2,308.96,133.98,55.64,76.85,384.39,21.27,165.13,26.94,101.22
2025-04-16,24.83,286.87,82.42,43.97,22.97,151.49,305.62,129.23,55.4,74.96,370.32,20.89,163.1,26.47,102.29
2025-04-17,23.1,290.94,84.45,44.31,23.33,154.99,307.8,128.98,56.26,76.47,366.5,20.99,167.25,26.6,104.97
2025-04-21,23.08,282.89,83.64,44.13,23.25,154.45,305.25,124.9,55.75,76.32,357.87,20.89,163.48,25.79,103.43
2025-04-22,24.09,289.28,85.72,44.9,23.67,155.27,315.49,135.04,56.9,77.42,365.55,21.36,165.58,26.41,106.32
2025-04-23,24.81,293.85,86.92,45.58,24.11,152.94,314.9,134.77,56.65,77.2,373.09,21.22,163.46,26.63,105.41
2025-04-24,26.19,304.86,89.63,46.61,24.79,152.49,312.66,137.57,56.79,78.28,385.96,21.59,157.35,26.97,106.65
2025-04-25,25.47,304.46,89.9,46.84,24.75,152.15,313.18,136.02,56.36,81.12,390.49,21.73,158.82,26.26,106.59
2025-04-28,25.32,305.06,89.78,46.97,24.85,152.91,313.24,136.63,56.29,81.56,389.8,21.85,159.63,26.7,106.65
2025-04-29,24.95,305.4,90.78,46.67,24.98,153.46,310.96,137.07,56.85,83.05,392.67,22.55,160.04,26.74,106.38
2025-04-30,24.3,307.26,90.56,44.98,25.03,153.85,316.05,137.6,57.22,83.53,393.89,23.14,160.34,27.13,103.7
2025-05-01,24.31,311.92,90.42,44.79,24.85,152.03,310.11,136.6,57.37,81.63,423.92,22.68,157.79,27.08,103.85
2025-05-02,25.29,321.57,92.1,45.04,25.4,153.67,308.45,140.74,57.66,81.55,433.77,22.94,158.32,27.05,104.27
2025-05-05,24.83,321.01,91.72,45.12,25.35,152.56,312.17,139.47,57.91,81.22,434.66,22.63,156.66,26.95,101.38
2025-05-06,24.61,318.8,91.78,45.2,25.09,152.04,313.23,136.72,58.5,77.49,431.81,21.69,157.07,27.58,102.8
2025-05-07,24.17,318.21,101.66,45.21,25.3,154.83,314.55,137.33,58.92,77.57,431.85,21.6,157.11,27.53,102.7
2025-05-08,25.48,322.14,104.67,47.08,25.77,153.21,309.96,139.79,58.43,76.13,436.65,21.77,156.48,26.91,104.13
2025-05-09,25.67,323.5,105.49,47.23,25.9,151.79,310.15,141.25,57.49,74.48,437.21,21.52,155.5,27.27,105.35
2025-05-12,27.85,340.32,110.02,49.32,27.66,151.72,308.41,148.91,55.09,78.85,447.7,22.31,158.7,26.46,107.17
2025-05-13,28.38,350.25,110.91,50.17,28.17,146.11,305.22,149.32,54.62,75.13,447.58,22.09,156.56,25.91,107.46
2025-05-14,29.33,347.39,112.46,50.02,28.04,144.06,304.04,146.48,54.49,72.03,451.37,21.27,155.86,25.9,106.5
2025-05-15,28.4,347.53,111.74,49.83,28.17,147.26,310.94,147.33,56.16,73.33,452.39,21.83,160.19,26.77,107.58
2025-05-16,29.12,351.28,112.94,50.08,28.7,148.95,315.02,151.66,56.97,74.57,453.52,22.05,161.04,27.15,107.19
2025-05-19,29.13,350.28,112.18,49.74,28.48,150.09,317.62,152.68,57.53,75.72,458.12,22.22,162.51,27.45,105.49
2025-05-20,28.61,347.22,111.88,49.92,28.37,151.24,316.2,152.69,57.94,76.44,457.42,22.72,163.37,27.21,103.98
2025-05-21,28.1,340.28,109.99,49.09,28.01,150.77,312.88,147.99,57.51,75.47,451.83,22.26,163.17,26.91,102.7
2025-05-22,27.81,342.94,110.66,49.0,27.9,150.21,310.77,148.36,57.36,76.31,454.11,22.26,162.77,26.67,102.02
2025-05-23,27.9,341.16,109.25,48.41,27.39,150.54,311.03,146.94,57.79,76.06,449.44,22.53,163.59,26.86,102.08
2025-05-27,28.08,349.22,111.88,48.81,27.74,152.13,311.41,148.8,57.67,76.07,459.93,22.81,165.46,26.83,102.57
2025-05-28,27.71,347.22,111.05,47.85,26.62,151.32,309.32,147.98,57.54,74.68,456.61,22.39,165.07,26.94,101.17
2025-05-29,27.46,349.5,111.54,48.31,24.42,152.46,308.35,148.94,57.54,74.9,457.93,22.65,166.25,26.82,101.74
2025-05-30,26.61,345.77,112.56,49.32,24.37,154.08,310.32,147.67,58.63,75.33,459.6,22.69,167.56,27.23,101.36
2025-06-02,26.44,342.43,112.47,47.42,24.38,154.27,310.91,145.73,58.65,74.76,461.21,22.66,165.48,27.36,102.1
2025-06-03,27.49,347.13,113.12,48.78,24.84,153.29,310.63,147.45,58.4,75.63,462.21,22.56,164.57,27.39,102.84
2025-06-04,27.2,347.06,113.01,47.4,24.65,152.1,309.81,146.13,57.37,76.74,463.11,22.6,163.68,26.8,101.36
2025-06-05,27.7,346.69,112.05,46.98,24.18,152.54,307.24,145.59,57.45,76.1,466.91,22.33,160.57,27.19,100.89
2025-06-06,27.84,351.05,113.42,47.35,24.65,153.9,305.62,144.83,57.3,77.42,469.61,22.56,161.77,27.51,103.31
2025-06-09,28.39,355.74,115.17,47.81,24.59,154.1,303.06,143.57,57.14,77.78,471.97,23.16,160.33,27.29,104.0
2025-06-10,28.58,356.24,118.23,48.8,25.02,155.31,298.73,144.39,56.65,79.76,470.15,23.47,160.61,27.84,106.23
2025-06-11,28.57,360.78,119.01,49.74,24.57,154.13,300.02,146.5,57.95,78.75,471.84,23.65,159.89,27.76,108.3
2025-06-12,28.68,358.61,118.11,49.13,24.49,155.52,301.45,144.1,57.96,80.22,478.08,24.0,160.95,27.69,108.72
2025-06-13,28.18,354.73,117.44,48.52,23.6,155.96,300.21,141.67,57.86,80.11,474.18,23.71,158.09,27.61,111.09
2025-06-16,28.83,360.08,118.97,49.14,24.28,154.09,294.62,144.4,57.86,80.17,478.35,23.57,158.68,27.4,111.44
2025-06-17,28.55,355.35,117.63,48.16,24.05,151.27,290.66,141.56,58.05,77.51,477.26,23.18,156.35,27.08,112.95
2025-06-18,28.18,357.46,117.36,47.97,23.94,149.63,287.99,141.85,58.54,78.51,479.45,23.07,155.86,27.09,112.15
2025-06-20,27.69,358.18,117.13,48.08,23.87,148.7,285.84,143.37,58.8,78.29,476.62,23.16,156.9,27.2,113.64
2025-06-23,28.54,363.85,117.25,48.39,23.67,150.22,287.89,146.92,59.53,79.38,485.2,23.21,158.83,27.62,110.71
2025-06-24,28.62,370.59,118.65,48.87,24.3,151.08,289.82,149.18,58.96,79.53,489.31,23.48,158.16,27.7,107.34
2025-06-25,28.0,369.16,119.42,48.01,24.29,151.17,283.94,147.07,58.0,78.89,491.46,23.44,156.79,27.35,107.37
2025-06-26,29.75,379.4,121.46,49.03,24.46,150.9,284.02,150.07,57.86,78.06,496.63,23.42,156.46,27.43,108.98
2025-06-27,28.3,382.21,122.34,49.55,24.52,151.3,289.9,151.32,57.82,78.33,495.13,23.37,157.67,27.51,108.37
2025-06-30,29.33,385.68,124.01,49.08,24.22,151.64,290.52,151.54,57.7,78.39,496.59,23.42,157.14,28.35,106.81
2025-07-01,30.02,388.38,123.49,51.9,25.25,154.78,295.81,153.1,57.22,81.01,491.24,24.19,159.01,28.29,108.23
2025-07-02,31.33,395.84,122.98,52.54,25.59,154.43,292.97,153.26,58.23,81.58,490.28,24.46,158.99,27.73,110.03
2025-07-03,30.96,395.27,124.0,52.75,25.74,154.87,292.42,152.24,58.7,80.14,498.02,24.52,158.63,27.78,111.17
2025-07-07,29.63,388.96,123.16,51.69,25.09,154.14,291.87,151.14,59.29,80.11,496.9,24.38,158.3,27.83,110.09
2025-07-08,30.32,391.73,121.82,52.06,25.54,154.65,290.02,153.03,58.59,80.57,495.8,24.75,155.73,27.71,113.14
2025-07-09,30.39,399.56,120.61,52.43,25.37,155.14,291.37,155.26,56.83,82.89,502.68,24.69,155.36,27.53,112.75
2025-07-10,31.38,405.67,121.56,53.01,25.47,156.54,296.71,156.6,57.62,83.2,500.66,24.9,156.32,27.33,113.87
2025-07-11,30.9,403.28,119.87,53.25,25.17,155.76,298.22,155.12,56.88,82.54,502.49,24.78,154.9,26.68,114.37
2025-07-14,29.61,403.13,119.97,53.19,24.58,155.68,300.18,157.18,57.21,82.85,502.19,24.49,151.66,26.87,112.87
2025-07-15,28.32,402.01,118.98,52.57,24.28,154.04,297.93,155.87,57.55,80.72,504.99,23.77,150.59,26.73,111.87
2025-07-16,28.39,410.19,119.82,53.04,24.32,163.58,297.21,156.84,57.92,81.62,504.79,23.77,151.63,26.66,111.2
2025-07-17,29.21,415.35,122.21,53.07,24.5,161.79,298.67,158.31,57.06,80.72,510.86,23.74,153.49,26.7,110.63
2025-07-18,30.15,411.02,121.42,53.08,24.81,162.51,295.39,152.53,57.1,79.18,509.21,23.64,154.02,26.65,106.78
2025-07-21,30.79,408.9,120.84,53.07,24.58,163.16,294.07,152.12,57.98,78.53,509.22,23.44,153.95,27.09,107.05
2025-07-22,31.74,415.99,121.06,48.76,25.16,166.71,297.48,150.5,58.49,80.81,504.44,24.29,157.22,27.13,107.54
2025-07-23,31.9,426.37,122.94,52.99,25.62,167.87,296.44,150.13,58.82,83.16,505.04,24.5,157.18,27.45,108.92
2025-07-24,31.67,428.29,121.95,52.2,25.43,168.32,292.82,148.61,58.66,83.29,510.04,24.49,157.71,27.62,109.77
2025-07-25,30.65,432.51,121.47,53.26,25.42,167.07,296.79,150.57,58.89,83.88,512.87,24.36,157.2,27.7,109.38
2025-07-28,30.49,431.7,120.37,53.31,25.59,165.01,297.53,151.35,57.79,83.24,511.66,23.89,156.02,27.31,110.41
2025-07-29,30.25,428.82,119.91,51.98,25.41,166.89,300.96,151.09,58.42,81.82,511.73,23.88,155.52,27.12,111.84
2025-07-30,29.94,432.88,119.54,51.98,24.85,166.04,301.9,145.95,60.52,80.95,512.4,23.4,151.82,27.21,110.87
2025-07-31,29.79,436.77,119.11,53.2,24.55,163.54,298.38,148.53,60.95,77.36,532.62,22.89,149.43,27.12,110.61
2025-08-01,28.23,427.46,116.59,52.39,24.21,166.11,301.18,143.75,60.8,78.51,523.25,23.08,149.6,27.45,108.63
2025-08-04,28.94,432.46,119.35,52.63,24.72,169.79,302.51,147.19,60.95,79.08,534.76,23.12,149.71,27.39,106.38
2025-08-05,29.44,432.99,118.32,52.44,24.8,169.5,297.08,149.4,61.53,80.0,526.88,24.32,149.46,27.47,106.25
2025-08-06,29.37,426.49,115.17,52.33,24.76,169.35,305.92,150.13,62.15,78.66,524.08,23.52,151.8,27.2,105.53
2025-08-07,29.92,415.93,112.88,52.81,25.1,170.28,306.17,151.04,62.54,79.58,519.99,23.81,152.42,27.76,104.97
2025-08-08,29.99,415.33,112.43,53.39,25.85,172.07,303.73,152.59,63.17,79.9,521.18,24.15,152.44,27.78,105.82
2025-08-11,29.15,407.37,112.55,53.87,25.26,172.55,302.64,154.6,64.63,79.25,520.91,24.15,153.9,27.84,104.85
2025-08-12,31.3,411.53,113.72,54.02,26.34,171.52,299.94,157.12,64.96,79.51,528.37,24.22,154.01,28.18,105.15
2025-08-13,31.64,412.51,116.64,55.44,26.87,173.15,303.35,159.46,64.46,81.9,519.73,24.72,154.33,28.1,106.61
2025-08-14,31.25,416.3,116.31,56.27,26.66,173.45,307.21,155.93,64.51,81.95,521.62,24.68,152.67,28.44,106.39
2025-08-15,31.19,406.62,115.39,56.16,26.47,175.35,307.19,151.69,64.77,83.39,519.32,24.7,153.29,28.56,106.49
2025-08-18,29.55,411.46,116.55,56.08,26.56,174.97,306.96,152.16,64.94,83.4,516.25,24.64,154.64,28.61,106.72
2025-08-19,29.77,414.9,116.27,56.91,26.73,176.5,309.17,153.63,65.5,84.1,508.93,24.88,157.3,28.67,107.42
2025-08-20,29.25,419.39,117.04,56.62,26.21,177.54,311.31,154.04,66.51,83.83,504.89,24.94,158.4,28.97,108.53
2025-08-21,29.43,416.69,116.21,56.36,26.32,177.63,311.45,153.67,66.6,85.24,504.24,25.29,157.63,29.13,109.23
2025-08-22,31.59,434.42,118.86,58.22,27.46,177.98,312.3,157.99,66.59,86.52,507.23,25.43,157.57,28.46,111.28
2025-08-25,31.71,431.06,117.71,58.13,27.23,177.11,311.67,155.85,65.98,84.48,504.26,24.7,155.07,28.43,111.74
2025-08-26,31.86,430.02,117.65,58.65,26.74,176.49,311.17,156.57,65.39,84.16,502.04,24.49,154.89,28.26,111.49
2025-08-27,31.71,431.43,118.09,58.6,26.84,176.79,309.67,156.53,65.35,83.25,506.74,24.64,155.87,28.75,112.75
2025-08-28,31.83,433.66,117.64,58.34,28.07,175.45,310.46,157.56,65.36,82.4,509.64,24.17,154.57,28.63,113.35
2025-08-29,32.1,417.84,118.38,58.44,28.26,177.17,311.77,155.53,66.14,83.3,506.69,24.33,155.95,28.98,114.29
2025-09-02,30.86,414.86,118.27,58.38,28.65,178.06,315.76,154.27,66.06,84.64,505.12,24.55,156.89,28.77,114.69
2025-09-03,31.03,413.93,117.38,57.6,28.41,178.0,316.39,152.0,65.57,83.36,505.35,24.36,157.07,28.73,111.91
2025-09-04,31.21,419.02,118.81,58.0,28.63,178.76,316.99,155.52,65.53,83.23,507.97,24.12,158.08,29.26,112.4
2025-09-05,31.74,421.87,117.91,58.27,29.05,178.43,314.38,155.3,65.49,83.88,495.0,24.45,158.91,29.27,109.23
2025-09-08,31.95,421.57,118.84,58.2,29.06,178.13,312.8,154.0,64.72,83.27,498.2,24.13,157.91,28.59,109.85
2025-09-09,31.19,416.89,117.37,58.01,28.75,176.96,312.52,153.08,65.14,83.78,498.41,24.28,158.35,29.11,110.65
2025-09-10,30.85,421.7,115.79,57.34,28.37,175.79,305.94,153.57,65.18,83.21,500.37,24.14,156.26,28.89,112.5
2025-09-11,32.2,430.14,117.08,58.71,28.34,178.5,308.43,159.47,65.3,84.32,501.01,24.43,157.53,29.18,112.14
2025-09-12,33.15,430.28,115.96,58.5,27.97,178.06,305.4,157.87,65.59,82.0,509.9,23.46,156.8,29.26,112.16
2025-09-15,33.51,434.69,115.62,58.95,27.75,177.4,302.07,156.66,64.89,81.02,515.36,23.56,155.74,29.3,112.35
2025-09-16,33.39,439.41,115.23,58.46,27.72,176.46,303.29,156.5,64.81,81.09,509.04,23.49,156.95,29.02,114.68
2025-09-17,32.77,449.37,116.1,58.73,27.9,177.2,304.97,155.16,65.51,81.14,510.02,23.63,159.22,29.23,115.29
2025-09-18,32.63,465.62,114.86,59.26,28.24,174.16,301.14,155.4,63.94,81.53,508.45,23.73,156.23,28.89,113.93
2025-09-19,32.37,465.2,113.76,58.98,28.16,176.19,302.38,156.6,64.89,81.51,517.93,23.61,154.96,28.7,112.82
2025-09-22,32.54,470.75,112.56,58.88,28.26,174.21,302.99,153.86,63.79,80.4,514.45,23.62,152.01,28.61,112.02
2025-09-23,31.45,469.91,112.25,58.58,28.53,176.58,303.19,156.29,64.87,79.96,509.23,23.71,151.44,28.48,113.95
2025-09-24,31.15,468.44,113.43,59.92,27.5,176.69,304.33,154.6,65.13,79.67,510.15,23.67,151.36,28.02,114.56
2025-09-25,31.37,462.39,112.99,60.59,26.85,177.73,302.3,153.03,65.19,77.6,507.03,23.19,151.09,28.0,115.59
2025-09-26,32.62,464.43,113.47,61.24,26.71,179.71,305.24,152.81,65.71,78.56,511.46,23.35,151.44,28.01,117.22
2025-09-29,33.76,470.26,114.78,61.12,26.89,181.62,302.99,154.08,65.67,78.58,514.6,23.44,152.46,27.77,114.22
2025-09-30,32.8,475.78,114.5,60.97,27.23,185.42,303.89,155.18,66.06,83.93,517.95,25.04,152.58,27.94,112.75
2025-10-01,33.76,479.44,112.95,61.34,26.7,186.05,300.52,156.0,66.29,90.13,519.71,26.74,152.12,27.26,111.99
2025-10-02,34.74,489.16,112.14,59.36,26.48,185.98,299.88,158.8,65.75,89.51,515.74,26.61,150.99,26.72,111.29
2025-10-03,34.41,496.42,112.47,60.13,26.64,188.64,300.98,158.66,65.73,89.19,517.35,26.9,151.21,26.77,113.26
2025-10-06,33.7,493.96,112.75,58.19,26.61,188.16,296.04,155.93,65.37,88.8,528.57,25.97,149.37,25.59,114.2
2025-10-07,35.43,485.32,112.53,57.26,26.55,188.89,296.32,155.33,66.65,87.61,523.98,25.82,151.48,25.88,114.26
2025-10-08,36.96,500.68,111.89,56.4,27.03,189.69,294.4,156.0,65.42,86.4,524.85,25.24,149.64,25.97,114.02
2025-10-09,36.9,498.93,110.99,55.92,26.97,191.08,293.81,152.88,65.72,87.5,522.4,24.8,149.53,25.82,112.91
2025-10-10,34.93,489.89,109.19,55.35,25.55,190.72,297.01,148.75,66.54,85.99,510.96,24.35,148.65,25.87,110.73
2025-10-13,36.15,503.31,110.27,55.62,27.35,190.9,300.11,151.1,64.95,85.7,514.05,24.3,146.47,25.59,112.24
2025-10-14,35.65,525.96,111.17,57.15,28.54,190.85,304.56,152.53,65.4,84.7,513.57,24.1,148.12,26.13,112.29
2025-10-15,36.36,532.52,111.71,57.8,28.61,191.17,305.25,153.47,64.87,84.11,513.43,23.97,146.4,26.07,111.61
2025-10-16,37.03,539.41,109.88,57.34,27.2,192.12,305.33,151.41,64.26,83.92,511.61,23.81,148.56,26.2,110.64
2025-10-17,35.87,525.57,110.67,58.38,27.37,193.22,308.09,152.64,65.05,84.79,513.58,24.09,150.35,26.34,112.24
2025-10-20,38.86,531.18,111.96,58.0,27.66,193.72,307.77,154.78,64.4,86.32,516.79,24.26,150.9,26.1,112.7
2025-10-21,37.13,524.65,114.3,66.62,28.16,191.88,307.48,166.64,63.75,87.62,517.66,24.42,150.57,26.05,112.71
2025-10-22,35.55,513.91,113.08,67.31,27.66,192.94,310.11,167.23,64.43,87.61,520.54,24.29,151.14,25.55,114.71
2025-10-23,40.03,520.5,113.03,66.85,27.83,192.47,306.97,171.6,64.57,87.18,520.56,24.24,151.15,24.62,115.98
2025-10-24,39.31,522.73,111.68,69.66,27.66,190.4,305.79,168.5,64.67,87.49,523.61,24.33,152.49,25.14,115.39
2025-10-27,39.79,527.07,112.34,69.38,27.92,190.3,310.0,168.4,63.74,88.0,531.52,24.34,151.74,25.53,115.94
2025-10-28,39.2,524.47,111.65,69.87,28.07,186.93,306.4,166.83,63.28,87.03,542.07,24.08,151.37,25.7,115.03
2025-10-29,38.81,585.49,110.24,69.13,27.7,186.6,302.35,164.63,61.97,86.58,541.55,23.87,148.77,25.14,116.45
2025-10-30,36.66,583.15,111.84,68.67,27.51,189.05,302.43,166.45,57.13,86.28,525.76,23.87,149.58,24.68,114.69
2025-10-31,36.69,577.26,112.62,69.09,27.67,188.87,298.43,166.5,56.38,85.98,517.81,24.22,150.37,24.75,114.36
2025-11-03,37.1,570.59,112.12,68.22,27.01,186.26,296.37,162.19,56.67,82.49,517.03,24.23,148.02,24.53,113.76
2025-11-04,35.26,547.58,111.47,66.87,25.94,186.86,299.21,160.59,57.31,83.86,514.33,23.88,147.17,24.44,114.14
2025-11-05,35.74,569.15,111.36,68.77,26.64,186.0,305.67,164.32,57.16,84.39,507.16,24.18,145.79,24.56,113.68
2025-11-06,36.7,569.78,110.49,68.84,26.17,186.97,298.41,163.85,57.27,85.78,497.1,24.42,146.13,24.74,114.5
2025-11-07,37.32,563.1,110.74,70.75,26.28,186.57,299.66,164.84,58.03,86.28,496.82,24.43,146.98,24.83,117.22
